{
  "lang":"fr",
  "name":"pipeline",
  "version":"0.0.0",
  "spacy_version":">=3.0.5,<3.1.0",
  "description":"",
  "author":"",
  "email":"",
  "url":"",
  "license":"",
  "spacy_git_version":"53a3b967a",
  "vectors":{
    "width":300,
    "vectors":500000,
    "keys":500000,
    "name":"fr_vectors"
  },
  "labels":{
    "tok2vec":[

    ],
    "ner":[
      "ACT",
      "CARDINAL",
      "LOC",
      "MISC",
      "ORG",
      "PER",
      "TITRE"
    ]
  },
  "pipeline":[
    "tok2vec",
    "ner"
  ],
  "components":[
    "tok2vec",
    "ner"
  ],
  "disabled":[

  ],
  "performance":{
    "ents_per_type":{
      "PER":{
        "p":0.9787965616,
        "r":0.977676016,
        "f":0.9782359679
      },
      "ACT":{
        "p":0.968125,
        "r":0.9651090343,
        "f":0.9666146646
      },
      "LOC":{
        "p":0.9769189479,
        "r":0.979547901,
        "f":0.9782316582
      },
      "CARDINAL":{
        "p":0.9909766454,
        "r":0.996796583,
        "f":0.9938780942
      },
      "TITRE":{
        "p":0.9461538462,
        "r":0.9534883721,
        "f":0.9498069498
      }
    },
    "ents_f":0.9792157406,
    "ents_p":0.9785378012,
    "ents_r":0.9798946201,
    "tok2vec_loss":0.0,
    "ner_loss":158.0317466533
  }
}